,course_name,train_score,test_score,dev_score,train_groundtruth,test_groundtruth,dev_groundtruth,train_size,test_size,dev_size,test_precision,test_recall,test_f1_score,dev_precision,dev_recall,dev_f1_score,dev_fpr,dev_tpr,dev_threshold,dev_auc
0,PHIL151,0.9482758620689655,1.0,0.8666666666666667,0.9482758620689655,1.0,0.8666666666666667,116,15,15,1.0,1.0,1.0,0.8666666666666667,1.0,0.9285714285714286,[0. 1. 1.],[0.         0.38461538 1.        ],[1.96825394 0.96825394 0.92452852],0.19230769230769232
1,CS102,0.9712643678160919,0.9545454545454546,0.9545454545454546,0.9712643678160919,0.9545454545454546,0.9545454545454546,174,22,22,0.9545454545454546,1.0,0.9767441860465117,0.9545454545454546,1.0,0.9767441860465117,[0. 1. 1.],[0.         0.71428571 1.        ],[1.98484865 0.98484865 0.9285711 ],0.35714285714285715
2,ECON102B,0.967032967032967,0.9298245614035088,0.9649122807017544,0.967032967032967,0.9298245614035088,0.9649122807017544,455,57,57,0.9298245614035088,1.0,0.9636363636363636,0.9649122807017544,1.0,0.9821428571428572,[0.  0.5 1. ],[0.         0.92727273 1.        ],[1.96736597 0.96736597 0.96153861],0.7136363636363636
3,PHIL154,0.9642857142857143,1.0,0.6666666666666666,0.9642857142857143,1.0,0.6666666666666666,28,4,3,1.0,1.0,1.0,0.6666666666666666,1.0,0.8,[0. 0. 1.],[0. 1. 1.],[1.99999821 0.99999821 0.87499997],1.0
4,MATH106,0.9459459459459459,1.0,0.6,0.9459459459459459,1.0,0.6,37,5,5,1.0,1.0,1.0,0.6,1.0,0.7499999999999999,[0.  0.5 1. ],[0. 0. 1.],[1.99999964 0.99999964 0.93749729],0.25
5,MATH107,0.9058823529411765,0.8181818181818182,0.8181818181818182,0.9058823529411765,0.8181818181818182,0.8181818181818182,85,11,11,0.8181818181818182,1.0,0.9,0.8181818181818182,1.0,0.9,[0.  0.5 1. ],[0.         0.44444444 1.        ],[1.92682929 0.92682929 0.88636341],0.4722222222222222
6,MATH171,0.9245283018867925,1.0,0.95,0.9245283018867925,1.0,0.95,159,20,20,1.0,1.0,1.0,0.95,1.0,0.9743589743589743,[0. 0. 1. 1.],[0.         0.15789474 0.94736842 1.        ],[1.9683146  0.9683146  0.93256062 0.83671387],0.5526315789473684
7,CHEM181,0.9645390070921985,1.0,0.8888888888888888,0.9645390070921985,1.0,0.8888888888888888,141,18,18,1.0,1.0,1.0,0.8888888888888888,1.0,0.9411764705882353,[0. 0. 0. 0. 0. 1.],[0.     0.4375 0.5625 0.625  1.     1.    ],[2.         1.         1.         0.9829434  0.94669493 0.62475658],1.0
8,CS265,0.9230769230769231,1.0,0.8,0.9230769230769231,1.0,0.8,39,5,5,1.0,1.0,1.0,0.8,1.0,0.888888888888889,[0. 0. 1.],[0.   0.25 1.  ],[1.99999989 0.99999989 0.90909082],0.625
9,CS107E,0.9381443298969072,0.96,0.9583333333333334,0.9381443298969072,0.96,0.9583333333333334,194,25,24,0.96,1.0,0.9795918367346939,0.9583333333333334,1.0,0.9787234042553191,[0. 1. 1.],[0.        0.7826087 1.       ],[1.93710709 0.93710709 0.91304323],0.391304347826087
10,EE180,0.9568965517241379,0.9333333333333333,0.9333333333333333,0.9568965517241379,0.9333333333333333,0.9333333333333333,116,15,15,0.9333333333333333,1.0,0.9655172413793104,0.9333333333333333,1.0,0.9655172413793104,[0. 0. 0. 1. 1.],[0.         0.57142857 0.64285714 0.92857143 1.        ],[1.97375803 0.97375803 0.95335909 0.93003975 0.87985004],0.7857142857142858
11,CME106,0.9389067524115756,0.9487179487179487,0.9487179487179487,0.9389067524115756,0.9487179487179487,0.9487179487179487,311,39,39,0.9487179487179487,1.0,0.9736842105263158,0.9487179487179487,1.0,0.9736842105263158,[0.  0.5 1.  1.  1. ],[0.         0.59459459 0.81081081 0.94594595 1.        ],[1.9497019  0.9497019  0.93254074 0.92924352 0.92068998],0.5
12,MS&E120,0.9878048780487805,0.9807692307692307,0.9607843137254902,0.9878048780487805,0.9807692307692307,0.9607843137254902,410,52,51,0.9807692307692307,1.0,0.9902912621359222,0.9607843137254902,1.0,0.98,[0. 0. 0. 0. 1.],[0.         0.3877551  0.40816327 0.57142857 1.        ],[1.99344322 0.99344322 0.99231671 0.98617576 0.98382099],0.7857142857142857
13,CS106X,0.9762611275964391,0.9767441860465116,0.9761904761904762,0.9762611275964391,0.9767441860465116,0.9761904761904762,337,43,42,0.9767441860465116,1.0,0.988235294117647,0.9761904761904762,1.0,0.9879518072289156,[0. 1. 1.],[0.         0.80487805 1.        ],[1.98233207 0.98233207 0.94444407],0.4024390243902439
14,CS144,0.92,0.9090909090909091,0.8181818181818182,0.92,0.9090909090909091,0.8181818181818182,175,22,22,0.9090909090909091,1.0,0.9523809523809523,0.8181818181818182,1.0,0.9,[0.   0.75 1.  ],[0. 1. 1.],[1.9207317  0.9207317  0.90909075],0.625
15,MATH104,0.9589371980676329,0.9807692307692307,0.9423076923076923,0.9589371980676329,0.9807692307692307,0.9423076923076923,414,52,52,0.9807692307692307,1.0,0.9902912621359222,0.9423076923076923,1.0,0.9702970297029703,"[0.         0.         0.         0.66666667 0.66666667 1.
 1.         1.         1.        ]","[0.         0.02040816 0.04081633 0.28571429 0.32653061 0.73469388
 0.89795918 0.97959184 1.        ]","[1.98013832 0.98013832 0.97884871 0.97709784 0.97561573 0.95226953
 0.9492641  0.94520135 0.94177807]",0.2857142857142857
16,ME210,0.9793103448275862,1.0,0.8888888888888888,0.9793103448275862,1.0,0.8888888888888888,145,19,18,1.0,1.0,1.0,0.8888888888888888,1.0,0.9411764705882353,[0. 1. 1.],[0.    0.875 1.   ],[1.98165209 0.98165209 0.97222155],0.4375
17,ENGR105,0.967741935483871,0.95,0.9473684210526315,0.967741935483871,0.95,0.9473684210526315,155,20,19,0.95,1.0,0.9743589743589743,0.9473684210526315,1.0,0.972972972972973,[0. 0. 1.],[0.         0.66666667 1.        ],[1.97530879 0.97530879 0.95945963],0.8333333333333333
18,EE264,0.8666666666666667,0.5,0.5,0.8666666666666667,0.5,0.5,15,2,2,0.5,1.0,0.6666666666666666,0.5,1.0,0.6666666666666666,[0. 1.],[0. 1.],[1.79999674 0.79999674],0.5
19,ECON52,0.9775784753363229,0.9821428571428571,0.9821428571428571,0.9775784753363229,0.9821428571428571,0.9821428571428571,446,56,56,0.9821428571428571,1.0,0.9909909909909909,0.9821428571428571,1.0,0.9909909909909909,[0. 0. 1.],[0.         0.05454545 1.        ],[1.99999747 0.99999747 0.97647059],0.5272727272727272
20,CHEMENG110,0.9594594594594594,1.0,0.8888888888888888,0.9594594594594594,1.0,0.8888888888888888,74,10,9,1.0,1.0,1.0,0.8888888888888888,1.0,0.9411764705882353,[0. 1.],[0. 1.],[1.9565213 0.9565213],0.5
21,MS&E125,0.9864406779661017,0.972972972972973,0.972972972972973,0.9864406779661017,0.972972972972973,0.972972972972973,295,37,37,0.972972972972973,1.0,0.9863013698630138,0.972972972972973,1.0,0.9863013698630138,[0. 1. 1. 1.],[0.         0.77777778 0.97222222 1.        ],[1.98876709 0.98876709 0.98479815 0.97836655],0.3888888888888889
22,CS227B,0.9820359281437125,1.0,0.9523809523809523,0.9820359281437125,1.0,0.9523809523809523,167,21,21,1.0,1.0,1.0,0.9523809523809523,1.0,0.975609756097561,[0. 0. 1.],[0.  0.2 1. ],[1.99999889 0.99999889 0.9785713 ],0.6
23,CS193A,0.9795918367346939,1.0,0.9166666666666666,0.9795918367346939,1.0,0.9166666666666666,98,13,12,1.0,1.0,1.0,0.9166666666666666,1.0,0.9565217391304348,[0. 1. 1.],[0.         0.90909091 1.        ],[1.98630135 0.98630135 0.96000004],0.45454545454545453
24,PSYCH45,0.9566666666666667,0.9736842105263158,0.972972972972973,0.9566666666666667,0.9736842105263158,0.972972972972973,300,38,37,0.9736842105263158,1.0,0.9866666666666666,0.972972972972973,1.0,0.9863013698630138,[0. 0. 1.],[0.         0.36111111 1.        ],[1.96039604 0.96039604 0.95477393],0.6805555555555556
25,PSYCH95,0.983402489626556,0.9354838709677419,0.9333333333333333,0.983402489626556,0.9354838709677419,0.9333333333333333,241,31,30,0.9354838709677419,1.0,0.9666666666666666,0.9333333333333333,1.0,0.9655172413793104,[0.  0.5 1. ],[0.         0.82142857 1.        ],[1.9895831  0.9895831  0.95918639],0.6607142857142857
26,BIO41,0.9798270893371758,0.9772727272727273,0.9767441860465116,0.9798270893371758,0.9772727272727273,0.9767441860465116,347,44,43,0.9772727272727273,1.0,0.9885057471264368,0.9767441860465116,1.0,0.988235294117647,[0. 1. 1. 1. 1. 1. 1. 1.],"[0.         0.04761905 0.14285714 0.19047619 0.26190476 0.4047619
 0.61904762 1.        ]","[2.         1.         1.         1.         0.99999999 0.99999999
 0.98077054 0.96249989]",0.023809523809523808
27,MATH20,0.9482936918304034,0.9834710743801653,0.9669421487603306,0.9482936918304034,0.9834710743801653,0.9669421487603306,967,121,121,0.9834710743801653,1.0,0.9916666666666667,0.9669421487603306,1.0,0.9831932773109243,[0.  0.5 1. ],[0.         0.46153846 1.        ],[1.94979089 0.94979089 0.94683026],0.48076923076923084
28,EE102A,0.964824120603015,1.0,0.96,0.964824120603015,1.0,0.96,199,25,25,1.0,1.0,1.0,0.96,1.0,0.9795918367346939,[0. 0. 0. 1.],[0.         0.58333333 0.83333333 1.        ],[1.98999982 0.98999982 0.97727185 0.90909278],0.9166666666666667
29,ECON178,0.9957264957264957,1.0,0.9655172413793104,0.9957264957264957,1.0,0.9655172413793104,234,30,29,1.0,1.0,1.0,0.9655172413793104,1.0,0.9824561403508771,[0. 0. 1. 1. 1.],[0.         0.03571429 0.32142857 0.42857143 1.        ],[2.         1.         0.99999998 0.99999991 0.99401143],0.17857142857142858
30,MS&E145,0.9769585253456221,0.9642857142857143,0.9629629629629629,0.9769585253456221,0.9642857142857143,0.9629629629629629,217,28,27,0.9642857142857143,1.0,0.9818181818181818,0.9629629629629629,1.0,0.9811320754716981,[0. 0. 0. 1. 1. 1. 1. 1.],"[0.         0.03846154 0.26923077 0.53846154 0.69230769 0.76923077
 0.80769231 1.        ]","[2.         1.         1.         0.99999999 0.99803423 0.99067899
 0.99029801 0.93187544]",0.40384615384615385
31,CS108,0.9508196721311475,0.9814814814814815,0.9056603773584906,0.9508196721311475,0.9814814814814815,0.9056603773584906,427,54,53,0.9814814814814815,1.0,0.9906542056074767,0.9056603773584906,1.0,0.9504950495049505,[0.  0.2 1. ],[0.     0.0625 1.    ],[1.96000011 0.96000011 0.94960209],0.43125
32,CS224S,0.85,1.0,0.6,0.85,1.0,0.8,40,5,5,1.0,1.0,1.0,0.75,0.75,0.75,[0. 0. 1. 1.],[0.  0.5 0.5 1. ],[1.92647007 0.92647007 0.90514831 0.46021158],0.5
33,PSYCH120,0.9795918367346939,1.0,0.5,0.9795918367346939,1.0,0.5,49,7,6,1.0,1.0,1.0,0.5,1.0,0.6666666666666666,[0.         0.33333333 1.        ],[0. 0. 1.],[1.99999447 0.99999447 0.97435947],0.33333333333333337
34,BIOE101,0.9617834394904459,1.0,0.95,0.9617834394904459,1.0,0.95,157,20,20,1.0,1.0,1.0,0.95,1.0,0.9743589743589743,[0. 0. 1. 1. 1. 1.],[0.         0.05263158 0.15789474 0.57894737 0.73684211 1.        ],[1.99849406 0.99849406 0.99574021 0.99472328 0.95044833 0.93927833],0.10526315789473684
35,MATH116,0.9659090909090909,0.9166666666666666,0.9090909090909091,0.9659090909090909,0.9166666666666666,0.9090909090909091,88,12,11,0.9166666666666666,1.0,0.9565217391304348,0.9090909090909091,1.0,0.9523809523809523,[0. 0. 0. 0. 1.],[0.  0.2 0.3 0.7 1. ],[2.         1.         1.         0.99999868 0.93939473],0.85
36,ECON111,0.9649122807017544,0.8666666666666667,0.8571428571428571,0.9649122807017544,0.8666666666666667,0.8571428571428571,114,15,14,0.8666666666666667,1.0,0.9285714285714286,0.8571428571428571,1.0,0.923076923076923,[0.  0.5 1. ],[0. 0. 1.],[1.99999984 0.99999984 0.96999956],0.25
37,ME70,0.9684542586750788,0.975,0.975,0.9684542586750788,0.975,0.975,317,40,40,0.975,1.0,0.9873417721518987,0.975,1.0,0.9873417721518987,[0. 1. 1. 1. 1.],[0.         0.07692308 0.48717949 0.51282051 1.        ],[1.99356942 0.99356942 0.98923372 0.95834553 0.93188883],0.038461538461538464
38,CS193P,0.5535714285714286,0.42857142857142855,0.7142857142857143,0.4642857142857143,0.5714285714285714,0.2857142857142857,56,7,7,0.0,0.0,0.0,0.0,0.0,0.0,[0.  0.2 1. ],[0. 0. 1.],[1.49999951 0.49999951 0.45237997],0.4
39,PSYCH80,0.994413407821229,0.9777777777777777,0.9777777777777777,0.994413407821229,0.9777777777777777,0.9777777777777777,358,45,45,0.9777777777777777,1.0,0.9887640449438202,0.9777777777777777,1.0,0.9887640449438202,[0. 0. 1.],[0.         0.13636364 1.        ],[2.         1.         0.99256469],0.5681818181818181
40,MATH52,0.971473851030111,0.9493670886075949,0.9493670886075949,0.971473851030111,0.9493670886075949,0.9493670886075949,631,79,79,0.9493670886075949,1.0,0.974025974025974,0.9493670886075949,1.0,0.974025974025974,[0.   0.   0.75 1.  ],[0.         0.13333333 0.97333333 1.        ],[1.97938326 0.97938326 0.97458882 0.881443  ],0.6616666666666667
41,CS205A,0.8333333333333334,0.6666666666666666,0.8333333333333334,0.8333333333333334,0.6666666666666666,0.8333333333333334,48,6,6,0.6666666666666666,1.0,0.8,0.8333333333333334,1.0,0.9090909090909091,[0. 0. 0. 0. 1.],[0.  0.4 0.8 1.  1. ],[1.92363177 0.92363177 0.87151384 0.80727225 0.70141523],1.0
42,STATS200,0.92,0.9375,0.9354838709677419,0.92,0.9375,0.9354838709677419,250,32,31,0.9375,1.0,0.967741935483871,0.9354838709677419,1.0,0.9666666666666666,[0. 1. 1.],[0.        0.4137931 1.       ],[1.95798325 0.95798325 0.88549601],0.20689655172413793
43,ME131A,0.9856115107913669,0.9714285714285714,0.9714285714285714,0.9856115107913669,0.9714285714285714,0.9714285714285714,278,35,35,0.9714285714285714,1.0,0.9855072463768115,0.9714285714285714,1.0,0.9855072463768115,[0. 1. 1. 1.],[0.         0.88235294 0.97058824 1.        ],[1.99465094 0.99465094 0.97889859 0.76037801],0.4411764705882353
44,MS&E220,0.88,1.0,0.6666666666666666,0.88,1.0,0.6666666666666666,25,4,3,1.0,1.0,1.0,0.6666666666666666,1.0,0.8,[0. 0. 1.],[0. 1. 1.],[1.94362223 0.94362223 0.8772828 ],1.0
45,CME103,0.991869918699187,1.0,0.967741935483871,0.991869918699187,1.0,0.967741935483871,492,62,62,1.0,1.0,1.0,0.967741935483871,1.0,0.9836065573770492,[0.  0.5 0.5 1. ],[0.  0.4 0.8 1. ],[1.99569427 0.99569427 0.98914748 0.98665813],0.55
46,STATS116,0.9672131147540983,0.9743589743589743,0.9473684210526315,0.9672131147540983,0.9743589743589743,0.9473684210526315,305,39,38,0.9743589743589743,1.0,0.9870129870129869,0.9473684210526315,1.0,0.972972972972973,[0. 1. 1.],[0.         0.58333333 1.        ],[1.97590362 0.97590362 0.95683453],0.2916666666666667
47,MATH115,0.9527027027027027,0.8947368421052632,0.9444444444444444,0.9527027027027027,0.8947368421052632,0.9444444444444444,148,19,18,0.8947368421052632,1.0,0.9444444444444444,0.9444444444444444,1.0,0.9714285714285714,[0. 0. 1.],[0.         0.88235294 1.        ],[1.96093816 0.96093816 0.89999227],0.9411764705882353
48,MS&E111,0.9563758389261745,0.9473684210526315,0.972972972972973,0.9563758389261745,0.9473684210526315,0.972972972972973,298,38,37,0.9473684210526315,1.0,0.972972972972973,0.972972972972973,1.0,0.9863013698630138,[0. 1. 1. 1.],[0.         0.30555556 0.83333333 1.        ],[1.96999989 0.96999989 0.96103882 0.90909052],0.1527777777777778
49,EARTHSYS112,0.9956331877729258,0.9310344827586207,0.9655172413793104,0.9956331877729258,0.9310344827586207,0.9655172413793104,229,29,29,0.9310344827586207,1.0,0.9642857142857143,0.9655172413793104,1.0,0.9824561403508771,[0. 1. 1.],[0.  0.5 1. ],[1.99999958 0.99999958 0.9906545 ],0.25
50,EE263,0.9112903225806451,1.0,0.8125,0.9112903225806451,1.0,0.8125,124,16,16,1.0,1.0,1.0,0.8125,1.0,0.896551724137931,[0. 0. 0. 1.],[0.         0.15384615 0.30769231 1.        ],[1.96687495 0.96687495 0.93375196 0.88368563],0.6538461538461539
51,CS124,0.980106100795756,0.9789473684210527,0.9893617021276596,0.980106100795756,0.9789473684210527,0.9893617021276596,754,95,94,0.9789473684210527,1.0,0.9893617021276596,0.9893617021276596,1.0,0.9946524064171123,[0. 0. 0. 0. 0. 1. 1. 1. 1.],"[0.         0.05376344 0.06451613 0.56989247 0.59139785 0.82795699
 0.87096774 0.95698925 1.        ]","[1.99251708 0.99251708 0.9896334  0.98381111 0.98289472 0.97764797
 0.97639108 0.96340641 0.94987098]",0.7096774193548387
52,CS279,0.9893617021276596,1.0,0.8333333333333334,0.9893617021276596,1.0,0.8333333333333334,94,12,12,1.0,1.0,1.0,0.8333333333333334,1.0,0.9090909090909091,[0.  0.5 1. ],[0.  0.2 1. ],[1.99999951 0.99999951 0.98181793],0.35
53,BIOE103,0.9894736842105263,1.0,0.9166666666666666,0.9894736842105263,1.0,0.9166666666666666,95,12,12,1.0,1.0,1.0,0.9166666666666666,1.0,0.9565217391304348,[0. 0. 0. 0. 1.],[0.         0.54545455 0.72727273 1.         1.        ],[2.         1.         1.         1.         0.50002145],1.0
54,ECON102A,0.9725130890052356,0.9791666666666666,0.9473684210526315,0.9725130890052356,0.9791666666666666,0.9473684210526315,764,96,95,0.9791666666666666,1.0,0.9894736842105264,0.9473684210526315,1.0,0.972972972972973,[0.  0.  0.8 1. ],[0.         0.06666667 0.87777778 1.        ],[1.99999998 0.99999998 0.97271265 0.96428584],0.5655555555555555
55,CS142,0.9144736842105263,0.9473684210526315,0.9210526315789473,0.9144736842105263,0.9473684210526315,0.9210526315789473,608,76,76,0.9473684210526315,1.0,0.972972972972973,0.9210526315789473,1.0,0.958904109589041,[0.         0.         0.66666667 0.66666667 1.        ],[0.         0.22857143 0.85714286 0.87142857 1.        ],[1.94439459 0.94439459 0.93828979 0.78850412 0.76946238],0.6738095238095239
56,CS140,0.9726775956284153,1.0,0.9565217391304348,0.9726775956284153,1.0,0.9565217391304348,183,23,23,1.0,1.0,1.0,0.9565217391304348,1.0,0.9777777777777777,[0. 1. 1.],[0.         0.95454545 1.        ],[1.98275865 0.98275865 0.77777618],0.4772727272727273
57,EE271,0.9375,1.0,0.5,0.9375,1.0,0.5,16,2,2,1.0,1.0,1.0,0.5,1.0,0.6666666666666666,[0. 1.],[0. 1.],[1.99999985 0.99999985],0.5
58,CS157,0.9593023255813954,1.0,0.9534883720930233,0.9593023255813954,1.0,0.9534883720930233,344,43,43,1.0,1.0,1.0,0.9534883720930233,1.0,0.9761904761904763,[0.  0.5 1. ],[0.         0.73170732 1.        ],[1.97594501 0.97594501 0.86792431],0.6158536585365854
59,CHEM135,0.98,1.0,0.9230769230769231,0.98,1.0,0.9230769230769231,100,13,13,1.0,1.0,1.0,0.9230769230769231,1.0,0.9600000000000001,[0. 0. 0. 1.],[0.         0.25       0.33333333 1.        ],[2.         1.         0.99996989 0.96363642],0.6666666666666666
60,CS248,0.9901960784313726,1.0,0.9230769230769231,0.9901960784313726,1.0,0.9230769230769231,102,13,13,1.0,1.0,1.0,0.9230769230769231,1.0,0.9600000000000001,[0. 0. 1.],[0.   0.25 1.  ],[1.99999972 0.99999972 0.98412844],0.625
61,PSYCH146,0.94,1.0,0.9166666666666666,0.94,1.0,0.9166666666666666,100,13,12,1.0,1.0,1.0,0.9166666666666666,1.0,0.9565217391304348,[0. 1. 1.],[0.         0.81818182 1.        ],[1.94736848 0.94736848 0.91666586],0.4090909090909091
62,CS143,0.8896103896103896,0.95,0.9473684210526315,0.8896103896103896,0.95,0.9473684210526315,154,20,19,0.95,1.0,0.9743589743589743,0.9473684210526315,1.0,0.972972972972973,[0. 1. 1. 1.],[0.         0.         0.94444444 1.        ],[1.99999988 0.99999988 0.89147827 0.83336233],0.0
63,CHEM31B,0.9896907216494846,0.9850746268656716,0.9924812030075187,0.9896907216494846,0.9850746268656716,0.9924812030075187,1067,134,133,0.9850746268656716,1.0,0.9924812030075187,0.9924812030075187,1.0,0.9962264150943396,[0. 1. 1.],[0.         0.98484848 1.        ],[1.99149336 0.99149336 0.77777727],0.49242424242424243
64,CS231N,0.9396825396825397,1.0,0.8974358974358975,0.9396825396825397,1.0,0.8974358974358975,315,40,39,1.0,1.0,1.0,0.8974358974358975,1.0,0.945945945945946,[0.  0.  0.  0.5 1. ],[0.         0.02857143 0.14285714 0.54285714 1.        ],[1.99999998 0.99999998 0.99999991 0.9727271  0.90243859],0.5571428571428572
65,LINGUIST130B,0.9636363636363636,1.0,0.7142857142857143,0.9636363636363636,1.0,0.7142857142857143,55,7,7,1.0,1.0,1.0,0.7142857142857143,1.0,0.8333333333333333,[0.  0.5 1. ],[0. 1. 1.],[1.99999998 0.99999998 0.94999993],0.75
66,MATH146,0.8214285714285714,1.0,0.75,0.8214285714285714,1.0,0.75,28,4,4,1.0,1.0,1.0,0.75,1.0,0.8571428571428571,[0. 1. 1.],[0.         0.33333333 1.        ],[1.87499984 0.87499984 0.75000019],0.16666666666666666
67,CS221,0.976643598615917,0.9310344827586207,0.9862068965517241,0.976643598615917,0.9310344827586207,0.9862068965517241,1156,145,145,0.9310344827586207,1.0,0.9642857142857143,0.9862068965517241,1.0,0.9930555555555556,[0. 0. 0. 0. 1. 1. 1. 1. 1. 1. 1. 1. 1. 1. 1. 1. 1.],"[0.         0.00699301 0.15384615 0.16083916 0.72027972 0.72727273
 0.75524476 0.77622378 0.78321678 0.84615385 0.85314685 0.93006993
 0.93706294 0.95104895 0.95804196 0.97202797 1.        ]","[1.98552931 0.98552931 0.98464574 0.98359982 0.98019172 0.97902566
 0.97884891 0.97775394 0.9722449  0.97135888 0.96943596 0.96432394
 0.96225975 0.9619472  0.960013   0.94878509 0.94543174]",0.4405594405594406
68,CS145,0.9747048903878583,0.92,0.9324324324324325,0.9747048903878583,0.92,0.9324324324324325,593,75,74,0.92,1.0,0.9583333333333334,0.9324324324324325,1.0,0.965034965034965,[0.  0.4 0.8 0.8 1. ],[0.         0.7826087  0.82608696 0.97101449 1.        ],[1.9775936  0.9775936  0.96799733 0.9627084  0.94708215],0.6753623188405797
69,ECON51,0.9840637450199203,0.9682539682539683,0.9523809523809523,0.9840637450199203,0.9682539682539683,0.9523809523809523,502,63,63,0.9682539682539683,1.0,0.9838709677419354,0.9523809523809523,1.0,0.975609756097561,[0. 1. 1.],[0.         0.91666667 1.        ],[1.98529416 0.98529416 0.96153796],0.4583333333333333
70,MATH53,0.9686162624821684,0.9659090909090909,0.9659090909090909,0.9686162624821684,0.9659090909090909,0.9659090909090909,701,88,88,0.9659090909090909,1.0,0.9826589595375723,0.9659090909090909,1.0,0.9826589595375723,[0.         0.         0.         0.66666667 1.        ],[0.         0.04705882 0.05882353 0.83529412 1.        ],[1.99999997 0.99999997 0.99999995 0.97106701 0.94736865],0.603921568627451
71,CHEM35,0.9522058823529411,0.9705882352941176,0.9607843137254902,0.9522058823529411,0.9705882352941176,0.9607843137254902,816,102,102,0.9705882352941176,1.0,0.9850746268656716,0.9607843137254902,1.0,0.98,[0. 1. 1.],[0.         0.97959184 1.        ],[1.9574194  0.9574194  0.85365794],0.4897959183673469
72,MATH21,0.9643449419568823,0.9867549668874173,0.9735099337748344,0.9643449419568823,0.9867549668874173,0.9735099337748344,1206,151,151,0.9867549668874173,1.0,0.9933333333333334,0.9735099337748344,1.0,0.9865771812080537,[0.   0.25 1.  ],[0.         0.51020408 1.        ],[1.98076922 0.98076922 0.94952681],0.6301020408163266
73,PHYSICS45,0.9834070796460177,0.9912280701754386,0.9911504424778761,0.9834070796460177,0.9912280701754386,0.9911504424778761,904,114,113,0.9912280701754386,1.0,0.9955947136563876,0.9911504424778761,1.0,0.9955555555555555,[0. 1. 1.],[0.         0.65178571 1.        ],[1.99210115 0.99210115 0.96309957],0.32589285714285715
74,CME102,0.9706314243759178,1.0,0.9882352941176471,0.9706314243759178,1.0,0.9882352941176471,681,86,85,1.0,1.0,1.0,0.9882352941176471,1.0,0.9940828402366864,[0. 1. 1.],[0.   0.75 1.  ],[1.97510378 0.97510378 0.95979896],0.375
75,PHYSICS43,0.9865056818181818,0.9887005649717514,0.9943181818181818,0.9865056818181818,0.9887005649717514,0.9943181818181818,1408,177,176,0.9887005649717514,1.0,0.9943181818181819,0.9943181818181818,1.0,0.9971509971509972,[0. 0. 0. 0. 0. 1. 1.],"[0.         0.05142857 0.08571429 0.17142857 0.19428571 0.77142857
 1.        ]","[1.99999999 0.99999999 0.99999999 0.99601263 0.99521148 0.9839475
 0.98076897]",0.4828571428571429
76,CHEM33,0.9617723718505647,0.9583333333333334,0.9722222222222222,0.9617723718505647,0.9583333333333334,0.9722222222222222,1151,144,144,0.9583333333333334,1.0,0.9787234042553191,0.9722222222222222,1.0,0.9859154929577464,[0. 0. 0. 1. 1.],[0.         0.00714286 0.25       0.9        1.        ],[1.98748176 0.98748176 0.98299321 0.95658075 0.94166685],0.575
77,PHYSICS41,0.9824915824915825,0.989247311827957,0.978494623655914,0.9824915824915825,0.989247311827957,0.978494623655914,1485,186,186,0.989247311827957,1.0,0.9945945945945946,0.978494623655914,1.0,0.9891304347826088,[0. 1.],[0. 1.],[1.98314214 0.98314214],0.5
78,ME80,0.9295081967213115,0.8961038961038961,0.9210526315789473,0.9295081967213115,0.8961038961038961,0.9210526315789473,610,77,76,0.8961038961038961,1.0,0.9452054794520548,0.9210526315789473,1.0,0.958904109589041,[0. 1. 1.],[0.         0.94285714 1.        ],[1.94240832 0.94240832 0.72972936],0.4714285714285714
79,MATH51,0.9502885042166,0.9574468085106383,0.9645390070921985,0.9502885042166,0.9574468085106383,0.9645390070921985,2253,282,282,0.9574468085106383,1.0,0.9782608695652174,0.9645390070921985,1.0,0.9819494584837545,[0.  0.7 0.8 1. ],[0.         0.84558824 0.875      1.        ],[1.96246663 0.96246663 0.95789376 0.87030713],0.5694852941176471
80,CS161,0.9706103993971364,0.963855421686747,0.9819277108433735,0.9706103993971364,0.963855421686747,0.9819277108433735,1327,166,166,0.963855421686747,1.0,0.9815950920245399,0.9819277108433735,1.0,0.9908814589665653,"[0.         0.         0.         0.33333333 1.         1.
 1.        ]","[0.         0.01840491 0.04907975 0.10429448 0.7791411  0.85276074
 1.        ]","[1.98788267 0.98788267 0.98458096 0.97834807 0.97252066 0.96645105
 0.95756057]",0.32004089979550104
81,ENGR40M,0.976401179941003,0.953125,0.9763779527559056,0.976401179941003,0.953125,0.9763779527559056,1017,128,127,0.953125,1.0,0.976,0.9763779527559056,1.0,0.9880478087649402,[0. 0. 1.],[0.         0.40322581 1.        ],[1.98868784 0.98868784 0.96695665],0.7016129032258065
82,CS109,0.964902807775378,0.9612068965517241,0.9567099567099567,0.964902807775378,0.9612068965517241,0.9567099567099567,1852,232,231,0.9612068965517241,1.0,0.9802197802197802,0.9567099567099567,1.0,0.9778761061946903,[0.  0.  0.  0.  0.  0.  0.2 0.3 0.4 0.6 0.7 0.9 1.  1.  1.  1. ],"[0.         0.04977376 0.07692308 0.09049774 0.11312217 0.12669683
 0.38914027 0.51131222 0.66063348 0.77375566 0.87782805 0.95927602
 0.9638009  0.96832579 0.98190045 1.        ]","[1.99422033 0.99422033 0.99277245 0.99267249 0.98985446 0.98732682
 0.97483372 0.96868223 0.96825976 0.96056638 0.95646478 0.9460717
 0.93020326 0.91410385 0.91301123 0.85787082]",0.6610859728506787
83,CS107,0.9384765625,0.94921875,0.93359375,0.9384765625,0.94921875,0.93359375,2048,256,256,0.94921875,1.0,0.9739478957915831,0.93359375,1.0,0.9656565656565657,[0.         0.05882353 0.70588235 1.        ],[0.         0.14225941 0.9665272  1.        ],[1.98387097 0.98387097 0.93919326 0.84892087],0.6521043563869062
84,CS110,0.9114541023558083,0.935064935064935,0.948051948051948,0.9114541023558083,0.935064935064935,0.948051948051948,1231,154,154,0.935064935064935,1.0,0.9664429530201343,0.948051948051948,1.0,0.9733333333333333,[0.    0.125 1.   ],[0.         0.06164384 1.        ],[1.91818183 0.91818183 0.91079394],0.4683219178082192
85,CS103,0.9264179867143587,0.926530612244898,0.9142857142857143,0.9264179867143587,0.926530612244898,0.9142857142857143,1957,245,245,0.926530612244898,1.0,0.961864406779661,0.9142857142857143,1.0,0.955223880597015,[0.         0.14285714 1.        ],[0.         0.45535714 1.        ],[1.94353829 0.94353829 0.91465536],0.6562500000000001
86,CS106B,0.9597761455054215,0.9441340782122905,0.9551820728291317,0.9597761455054215,0.9441340782122905,0.9551820728291317,2859,358,357,0.9441340782122905,1.0,0.9712643678160919,0.9551820728291317,1.0,0.9770773638968481,[0.     0.4375 1.    ],[0.        0.3431085 1.       ],[1.97483589 0.97483589 0.95269924],0.45280425219941345
